1,kp8
2,aap77
3,gm58
4,ak59
5,wwa14
5,kkw7
5,kkw13
5,ddm10
5,ssy76
5,bbs99
5,rrg33
5,wc9
6,dj94
7,mh30
8,llr73
9,cs43
10,wc9
11,rt41
11,ah64
11,jb5
12,oop35
13,sj3
14,ddr47
15,mmp21
16,eg61
17,tb74
17,kf60
17,lls96
17,ppt29
17,sd50
17,eem75
17,zh79
17,jb93
17,ddg24
17,ggm52
17,mm98
17,ssh70
17,mmw92
17,sj3
17,jb5
18,wc9
19,eeb56
20,wc9
21,hhh39
22,wwa14
22,cs43
22,llb46
22,zzm0
22,bt44
22,np65
22,oop35
22,cc90
22,at62
22,sw85
22,kkl55
22,ggm52
22,sp45
22,rt41
22,mm98
23,ssb22
24,wwm80
25,rrg33
25,mmw92
25,llb46
25,mh30
25,ddc31
25,kkw13
25,aap77
25,ttb19
26,wwa14
26,kkw7
26,kkw13
26,ddm10
26,ssy76
26,bbs99
26,rrg33
26,wc9
27,ppc17
28,ddc31
29,mm98
30,sp45
31,cc90
32,hhh39
33,mmw25
34,ccr28
35,hw95
36,jjj89
37,aab34
38,sp87
39,ggm52
40,kkl55
41,cc90
42,bt44
42,kkh36
42,llr73
42,ea15
42,ddr47
42,sm97
42,ccn6
42,rrg33
42,zzm0
42,at62
42,jb5
43,vj27
44,ah64
45,aab34
45,sw85
45,ccr28
45,vvr66
45,ttb19
45,ddr47
45,bt44
46,rt41
47,zzm0
48,wwa14
48,kkw7
48,kkw13
48,ddm10
48,ssy76
48,bbs99
48,rrg33
48,wc9
49,wwa14
49,cs43
49,llb46
49,zzm0
49,bt44
49,np65
49,oop35
49,cc90
49,at62
49,sw85
49,kkl55
49,ggm52
49,sp45
49,rt41
49,mm98
50,ah64
51,sm97
52,rrg33
52,jb5
52,mh2
52,aab34
52,rrs42
53,ddc31
54,fft38
55,mj78
56,vj27
57,mr26
58,tw68
59,jjj89
60,of84
61,wwa14
62,rrg33
62,jb5
62,mh2
62,aab34
62,rrs42
63,oop35
64,mh30
65,rrs42
66,ttb19
67,aab34
67,sw85
67,ccr28
67,vvr66
67,ttb19
67,ddr47
67,bt44
68,kp8
69,cs43
70,jb93
71,tw68
72,ck32
73,sd50
74,aab34
74,sw85
74,ccr28
74,vvr66
74,ttb19
74,ddr47
74,bt44
75,ssb22
76,wwa14
76,cs43
76,llb46
76,zzm0
76,bt44
76,np65
76,oop35
76,cc90
76,at62
76,sw85
76,kkl55
76,ggm52
76,sp45
76,rt41
76,mm98
77,rrg33
77,mmw92
77,llb46
77,mh30
77,ddc31
77,kkw13
77,aap77
77,ttb19
78,kkh36
79,aac72
79,ah64
79,llb46
79,bt44
79,sp45
79,mr26
79,ccr28
79,ak59
79,bbs99
79,ddc31
79,kp8
79,ggc91
80,aac72
81,aac72
81,ah64
81,llb46
81,bt44
81,sp45
81,mr26
81,ccr28
81,ak59
81,bbs99
81,ddc31
81,kp8
81,ggc91
82,vj27
83,ssp49
84,rrg33
84,mmw92
84,llb46
84,mh30
84,ddc31
84,kkw13
84,aap77
84,ttb19
85,tc83
86,mmw25
87,bt44
87,kkh36
87,llr73
87,ea15
87,ddr47
87,sm97
87,ccn6
87,rrg33
87,zzm0
87,at62
87,jb5
88,ds37
89,bt44
89,kkh36
89,llr73
89,ea15
89,ddr47
89,sm97
89,ccn6
89,rrg33
89,zzm0
89,at62
89,jb5
90,zh79
91,ssh70
92,wwa14
92,kkw7
92,kkw13
92,ddm10
92,ssy76
92,bbs99
92,rrg33
92,wc9
93,rt41
93,ah64
93,jb5
94,ssp49
95,sw85
96,rrl18
97,rrg33
97,mmw92
97,llb46
97,mh30
97,ddc31
97,kkw13
97,aap77
97,ttb19
98,kg12
99,rrg33
99,jb5
99,mh2
99,aab34
99,rrs42
100,aab34
100,sw85
100,ccr28
100,vvr66
100,ttb19
100,ddr47
100,bt44
101,vvr66
102,js57
103,wwa14
103,cs43
103,llb46
103,zzm0
103,bt44
103,np65
103,oop35
103,cc90
103,at62
103,sw85
103,kkl55
103,ggm52
103,sp45
103,rt41
103,mm98
104,bt44
105,aa16
106,wwa14
107,aab34
107,sw85
107,ccr28
107,vvr66
107,ttb19
107,ddr47
107,bt44
108,cc90
109,wwa14
109,kkw7
109,kkw13
109,ddm10
109,ssy76
109,bbs99
109,rrg33
109,wc9
110,rrl18
111,bbs99
112,wwa14
112,kkw7
112,kkw13
112,ddm10
112,ssy76
112,bbs99
112,rrg33
112,wc9
113,tb74
114,rrg33
114,jb5
114,mh2
114,aab34
114,rrs42
115,mw71
116,mmp21
117,ck32
118,tb74
118,kf60
118,lls96
118,ppt29
118,sd50
118,eem75
118,zh79
118,jb93
118,ddg24
118,ggm52
118,mm98
118,ssh70
118,mmw92
118,sj3
118,jb5
119,rt41
120,mmp21
121,bt44
121,kkh36
121,llr73
121,ea15
121,ddr47
121,sm97
121,ccn6
121,rrg33
121,zzm0
121,at62
121,jb5
122,eem75
123,ddr47
124,ddh53
125,ggm52
126,rt41
126,ah64
126,jb5
127,jb93
128,bt44
128,kkh36
128,llr73
128,ea15
128,ddr47
128,sm97
128,ccn6
128,rrg33
128,zzm0
128,at62
128,jb5
129,wwa14
129,cs43
129,llb46
129,zzm0
129,bt44
129,np65
129,oop35
129,cc90
129,at62
129,sw85
129,kkl55
129,ggm52
129,sp45
129,rt41
129,mm98
130,eg51
131,rrs42
132,ck32
133,gm58
134,dj94
135,aab34
136,np65
137,sm97
138,rrg33
138,mmw92
138,llb46
138,mh30
138,ddc31
138,kkw13
138,aap77
138,ttb19
139,wwm80
140,hhr40
141,kf60
142,wwa14
142,kkw7
142,kkw13
142,ddm10
142,ssy76
142,bbs99
142,rrg33
142,wc9
143,ah64
144,eeb56
145,mmp21
146,rrg33
146,mmw92
146,llb46
146,mh30
146,ddc31
146,kkw13
146,aap77
146,ttb19
147,llr73
148,ppt29
149,tw68
150,mr26
151,rt41
151,ah64
151,jb5
152,rrg33
152,jb5
152,mh2
152,aab34
152,rrs42
153,ppc17
154,ea15
155,np65
156,ppc17
157,sl82
158,jb93
159,mh2
160,cc90
161,np65
161,mw71
161,ssh70
161,of84
161,rrl18
161,ddr47
161,ah64
161,ck32
161,jb5
161,sp87
161,kkh36
161,oop35
161,ssp49
161,mj78
162,ddm10
163,aac72
164,aa16
165,cc90
166,sd50
167,rb23
168,ddc31
169,aa16
170,hhr63
171,rb23
172,wwa14
172,kkw7
172,kkw13
172,ddm10
172,ssy76
172,bbs99
172,rrg33
172,wc9
173,mmw92
174,hhr40
175,mr26
176,wwa14
176,kkw7
176,kkw13
176,ddm10
176,ssy76
176,bbs99
176,rrg33
176,wc9
177,kp8
178,ccm20
179,rt41
180,rrg33
180,jb5
180,mh2
180,aab34
180,rrs42
181,mmp21
182,sm97
183,hhg4
184,eem75
185,tb74
185,kf60
185,lls96
185,ppt29
185,sd50
185,eem75
185,zh79
185,jb93
185,ddg24
185,ggm52
185,mm98
185,ssh70
185,mmw92
185,sj3
185,jb5
186,aap77
187,fr67
188,np65
188,mw71
188,ssh70
188,of84
188,rrl18
188,ddr47
188,ah64
188,ck32
188,jb5
188,sp87
188,kkh36
188,oop35
188,ssp49
188,mj78
189,kkh36
190,eeb56
191,np65
191,mw71
191,ssh70
191,of84
191,rrl18
191,ddr47
191,ah64
191,ck32
191,jb5
191,sp87
191,kkh36
191,oop35
191,ssp49
191,mj78
192,eeb56
193,mr26
194,sp45
195,mj78
196,aac72
196,ah64
196,llb46
196,bt44
196,sp45
196,mr26
196,ccr28
196,ak59
196,bbs99
196,ddc31
196,kp8
196,ggc91
197,aac72
198,cs43
199,cc90
200,bt44
201,mmw92
202,tb74
203,rrs42
204,rrg33
204,jb5
204,mh2
204,aab34
204,rrs42
205,eg61
206,rt41
206,ah64
206,jb5
207,eg61
208,wwa14
208,kkw7
208,kkw13
208,ddm10
208,ssy76
208,bbs99
208,rrg33
208,wc9
209,rrl18
210,rrg33
210,jb5
210,mh2
210,aab34
210,rrs42
211,rt41
212,rrg33
212,jb5
212,mh2
212,aab34
212,rrs42
213,eem75
214,cs43
215,dr88
216,cs43
217,ppt29
218,rrg33
218,mmw92
218,llb46
218,mh30
218,ddc31
218,kkw13
218,aap77
218,ttb19
219,hhh39
220,ssh70
221,vvr66
222,ssp49
223,ddh53
224,ssh70
225,zh79
226,eeb56
227,aab34
227,sw85
227,ccr28
227,vvr66
227,ttb19
227,ddr47
227,bt44
228,ssy76
229,mh2
230,zzm0
231,mmw92
232,dj94
233,rrg33
233,jb5
233,mh2
233,aab34
233,rrs42
234,aac72
234,ah64
234,llb46
234,bt44
234,sp45
234,mr26
234,ccr28
234,ak59
234,bbs99
234,ddc31
234,kp8
234,ggc91
235,wc9
236,hhr40
237,vvr66
238,tb74
238,kf60
238,lls96
238,ppt29
238,sd50
238,eem75
238,zh79
238,jb93
238,ddg24
238,ggm52
238,mm98
238,ssh70
238,mmw92
238,sj3
238,jb5
239,ppt29
240,of84
241,jb5
242,wwa14
242,cs43
242,llb46
242,zzm0
242,bt44
242,np65
242,oop35
242,cc90
242,at62
242,sw85
242,kkl55
242,ggm52
242,sp45
242,rt41
242,mm98
243,bt44
243,kkh36
243,llr73
243,ea15
243,ddr47
243,sm97
243,ccn6
243,rrg33
243,zzm0
243,at62
243,jb5
244,ccr28
245,aac72
246,rrs42
247,ck32
248,hw95
249,ak59
250,ddc31
251,bt44
251,kkh36
251,llr73
251,ea15
251,ddr47
251,sm97
251,ccn6
251,rrg33
251,zzm0
251,at62
251,jb5
252,mh2
253,tb74
254,ppt29
255,np65
255,mw71
255,ssh70
255,of84
255,rrl18
255,ddr47
255,ah64
255,ck32
255,jb5
255,sp87
255,kkh36
255,oop35
255,ssp49
255,mj78
256,bbd81
257,np65
258,ppc17
259,bt44
259,kkh36
259,llr73
259,ea15
259,ddr47
259,sm97
259,ccn6
259,rrg33
259,zzm0
259,at62
259,jb5
260,tb74
260,kf60
260,lls96
260,ppt29
260,sd50
260,eem75
260,zh79
260,jb93
260,ddg24
260,ggm52
260,mm98
260,ssh70
260,mmw92
260,sj3
260,jb5
261,kp8
262,ccn6
263,wwm80
264,rt41
264,ah64
264,jb5
265,ttb19
266,bt44
266,kkh36
266,llr73
266,ea15
266,ddr47
266,sm97
266,ccn6
266,rrg33
266,zzm0
266,at62
266,jb5
267,aab34
267,sw85
267,ccr28
267,vvr66
267,ttb19
267,ddr47
267,bt44
268,js57
269,ssy76
270,jb5
271,sm97
272,aab34
273,wwa14
273,cs43
273,llb46
273,zzm0
273,bt44
273,np65
273,oop35
273,cc90
273,at62
273,sw85
273,kkl55
273,ggm52
273,sp45
273,rt41
273,mm98
274,ea15
275,wwa14
275,kkw7
275,kkw13
275,ddm10
275,ssy76
275,bbs99
275,rrg33
275,wc9
276,kkh36
277,wwm80
278,ak59
279,mh2
280,jjj89
281,wc9
282,dde11
283,ssy76
284,hhr40
285,oop35
286,vj27
287,tb74
287,kf60
287,lls96
287,ppt29
287,sd50
287,eem75
287,zh79
287,jb93
287,ddg24
287,ggm52
287,mm98
287,ssh70
287,mmw92
287,sj3
287,jb5
288,aac72
288,ah64
288,llb46
288,bt44
288,sp45
288,mr26
288,ccr28
288,ak59
288,bbs99
288,ddc31
288,kp8
288,ggc91
289,ccr28
290,np65
290,mw71
290,ssh70
290,of84
290,rrl18
290,ddr47
290,ah64
290,ck32
290,jb5
290,sp87
290,kkh36
290,oop35
290,ssp49
290,mj78
291,kf60
292,tb74
293,bt44
293,kkh36
293,llr73
293,ea15
293,ddr47
293,sm97
293,ccn6
293,rrg33
293,zzm0
293,at62
293,jb5
294,wwa14
294,cs43
294,llb46
294,zzm0
294,bt44
294,np65
294,oop35
294,cc90
294,at62
294,sw85
294,kkl55
294,ggm52
294,sp45
294,rt41
294,mm98
295,vj27
296,of84
297,rrg33
297,mmw92
297,llb46
297,mh30
297,ddc31
297,kkw13
297,aap77
297,ttb19
298,bt44
298,kkh36
298,llr73
298,ea15
298,ddr47
298,sm97
298,ccn6
298,rrg33
298,zzm0
298,at62
298,jb5
299,wwa14
299,cs43
299,llb46
299,zzm0
299,bt44
299,np65
299,oop35
299,cc90
299,at62
299,sw85
299,kkl55
299,ggm52
299,sp45
299,rt41
299,mm98
300,mmw25
