1,or27
2,mw82
2,ssg1
2,hm70
2,ddb67
2,ah88
2,gg21
2,jjt66
2,ssh63
2,rn92
3,jjw18
4,ds49
5,wwc17
6,mf19
7,bbb68
7,fe10
7,fb31
7,rrp77
7,cch44
7,sm64
7,tw80
7,mmp58
7,wwj11
7,cb89
7,kkw41
7,mb25
7,ew12
8,lr86
8,rl81
8,wwc17
8,om60
8,mb25
8,hr24
8,aar30
8,ah88
8,lh74
8,kkg47
8,ar51
8,kks3
8,bbp94
8,fh91
8,am34
9,kkk50
10,lr86
10,rl81
10,wwc17
10,om60
10,mb25
10,hr24
10,aar30
10,ah88
10,lh74
10,kkg47
10,ar51
10,kks3
10,bbp94
10,fh91
10,am34
11,bg84
12,ddg16
13,mf19
14,kc75
14,tp97
14,rl81
14,eh71
14,kkw41
14,se5
14,ah88
14,lh74
14,ccs23
15,kc75
16,tw80
17,bbb68
17,fe10
17,fb31
17,rrp77
17,cch44
17,sm64
17,tw80
17,mmp58
17,wwj11
17,cb89
17,kkw41
17,mb25
17,ew12
18,kks3
19,kk45
20,lr86
20,rl81
20,wwc17
20,om60
20,mb25
20,hr24
20,aar30
20,ah88
20,lh74
20,kkg47
20,ar51
20,kks3
20,bbp94
20,fh91
20,am34
21,gg21
22,eer76
23,ssp8
24,cb89
25,sm64
26,mf19
27,bbb68
28,mmc90
29,oof28
30,jb78
31,bbb68
32,kkb42
32,bg84
32,bbb68
32,om60
32,bbp94
32,iit33
32,llr61
32,kks40
32,ssg1
32,ssp38
32,rl81
32,aar30
33,hr24
34,rm55
35,hm70
36,ssh63
37,jjw18
38,gg21
39,iit33
39,gg21
39,dc46
39,or27
39,jb78
40,mmp58
40,ssp8
40,ssy2
40,nnt65
40,kkk50
40,jw32
40,mw48
40,nns72
40,cca7
40,ssb69
40,kkw41
40,lh74
40,eh71
40,ar51
41,et14
42,da73
43,sm64
44,mf19
44,rrp77
44,eer76
44,wwj11
44,gg21
44,sw22
45,mf19
46,lr86
46,rl81
46,wwc17
46,om60
46,mb25
46,hr24
46,aar30
46,ah88
46,lh74
46,kkg47
46,ar51
46,kks3
46,bbp94
46,fh91
46,am34
47,sw22
48,kkb42
49,lj15
50,lh74
51,ccc87
51,eer76
51,se5
51,bbb68
51,ssp79
51,llh56
51,wwj11
51,kkk50
51,rl81
51,jjw18
51,om60
51,ad26
51,fb31
52,ssb69
53,lh74
54,et14
55,bbb68
55,fe10
55,fb31
55,rrp77
55,cch44
55,sm64
55,tw80
55,mmp58
55,wwj11
55,cb89
55,kkw41
55,mb25
55,ew12
56,ddg16
57,bj9
58,mmp58
59,ssb69
60,ssp79
61,eer76
62,llr61
63,kkb42
64,km62
65,ka36
66,ccc87
66,eer76
66,se5
66,bbb68
66,ssp79
66,llh56
66,wwj11
66,kkk50
66,rl81
66,jjw18
66,om60
66,ad26
66,fb31
67,ssh63
68,aar30
69,mf19
69,rrp77
69,eer76
69,wwj11
69,gg21
69,sw22
70,mw82
70,ssg1
70,hm70
70,ddb67
70,ah88
70,gg21
70,jjt66
70,ssh63
70,rn92
71,mw48
72,ccc87
73,gl53
74,ddb6
75,kkk50
75,jw32
75,fb31
75,zzd96
76,kks40
77,or27
78,iit33
79,fb31
80,bbb68
80,fe10
80,fb31
80,rrp77
80,cch44
80,sm64
80,tw80
80,mmp58
80,wwj11
80,cb89
80,kkw41
80,mb25
80,ew12
81,mw82
81,ssg1
81,hm70
81,ddb67
81,ah88
81,gg21
81,jjt66
81,ssh63
81,rn92
82,lj15
83,mmp58
83,ssp8
83,ssy2
83,nnt65
83,kkk50
83,jw32
83,mw48
83,nns72
83,cca7
83,ssb69
83,kkw41
83,lh74
83,eh71
83,ar51
84,bbb68
84,fe10
84,fb31
84,rrp77
84,cch44
84,sm64
84,tw80
84,mmp58
84,wwj11
84,cb89
84,kkw41
84,mb25
84,ew12
85,eer76
86,bbb68
87,aar37
88,cb89
89,lj15
90,kkb42
90,bg84
90,bbb68
90,om60
90,bbp94
90,iit33
90,llr61
90,kks40
90,ssg1
90,ssp38
90,rl81
90,aar30
91,mf19
91,rrp77
91,eer76
91,wwj11
91,gg21
91,sw22
92,rn92
93,iit33
93,gg21
93,dc46
93,or27
93,jb78
94,mmp58
94,ssp8
94,ssy2
94,nnt65
94,kkk50
94,jw32
94,mw48
94,nns72
94,cca7
94,ssb69
94,kkw41
94,lh74
94,eh71
94,ar51
95,aar30
96,iim35
97,kkk50
97,jw32
97,fb31
97,zzd96
98,nnt65
99,kkk50
99,jw32
99,fb31
99,zzd96
100,cb89
101,iit33
101,gg21
101,dc46
101,or27
101,jb78
102,lr86
102,rl81
102,wwc17
102,om60
102,mb25
102,hr24
102,aar30
102,ah88
102,lh74
102,kkg47
102,ar51
102,kks3
102,bbp94
102,fh91
102,am34
103,rm55
104,kkg47
105,al43
106,kkb42
106,bg84
106,bbb68
106,om60
106,bbp94
106,iit33
106,llr61
106,kks40
106,ssg1
106,ssp38
106,rl81
106,aar30
107,kkk50
107,jw32
107,fb31
107,zzd96
108,gg21
109,bbm0
110,ac4
111,kkb42
111,bg84
111,bbb68
111,om60
111,bbp94
111,iit33
111,llr61
111,kks40
111,ssg1
111,ssp38
111,rl81
111,aar30
112,ddb67
113,eh71
114,fh91
115,nnt65
116,ah88
117,ddb6
118,aar30
119,kc75
119,tp97
119,rl81
119,eh71
119,kkw41
119,se5
119,ah88
119,lh74
119,ccs23
120,rrp77
121,mw82
121,ssg1
121,hm70
121,ddb67
121,ah88
121,gg21
121,jjt66
121,ssh63
121,rn92
122,mw82
122,ssg1
122,hm70
122,ddb67
122,ah88
122,gg21
122,jjt66
122,ssh63
122,rn92
123,cca7
124,rn92
125,tw80
126,ddg16
127,kkk50
128,ccc87
129,lj15
130,mmp58
130,ssp8
130,ssy2
130,nnt65
130,kkk50
130,jw32
130,mw48
130,nns72
130,cca7
130,ssb69
130,kkw41
130,lh74
130,eh71
130,ar51
131,lr86
131,rl81
131,wwc17
131,om60
131,mb25
131,hr24
131,aar30
131,ah88
131,lh74
131,kkg47
131,ar51
131,kks3
131,bbp94
131,fh91
131,am34
132,se5
133,ccs23
134,bg84
135,ssp8
136,mmc90
137,ssy2
138,gl53
139,dc46
140,se5
141,zc29
142,ar51
143,jjt66
144,gl53
145,lr86
145,rl81
145,wwc17
145,om60
145,mb25
145,hr24
145,aar30
145,ah88
145,lh74
145,kkg47
145,ar51
145,kks3
145,bbp94
145,fh91
145,am34
146,rn92
147,fb31
148,mmp58
149,ew12
150,bbs99
151,aar30
152,jjw18
153,cb89
154,iim35
155,ew12
156,ssp38
157,sw22
158,eh71
159,bbm0
160,cb89
161,kk45
162,kc75
162,tp97
162,rl81
162,eh71
162,kkw41
162,se5
162,ah88
162,lh74
162,ccs23
163,mmp58
164,zzd96
165,ddb67
166,gg21
167,se5
168,rrp77
169,ssh63
170,bbb68
170,fe10
170,fb31
170,rrp77
170,cch44
170,sm64
170,tw80
170,mmp58
170,wwj11
170,cb89
170,kkw41
170,mb25
170,ew12
171,ssp38
172,ssy2
173,zzd96
174,jjj39
175,ccc87
176,ww95
177,bbs99
178,cr59
179,bbb68
180,oot93
181,mf19
181,rrp77
181,eer76
181,wwj11
181,gg21
181,sw22
182,gg21
183,bbb68
183,fe10
183,fb31
183,rrp77
183,cch44
183,sm64
183,tw80
183,mmp58
183,wwj11
183,cb89
183,kkw41
183,mb25
183,ew12
184,cc52
185,ssp8
186,cr59
187,tw80
188,kc75
189,llh56
190,llm83
191,jb78
192,mw82
192,ssg1
192,hm70
192,ddb67
192,ah88
192,gg21
192,jjt66
192,ssh63
192,rn92
193,lh74
194,sm64
195,wwc17
196,aah13
197,bbb68
198,cr59
199,ac4
200,kks3
201,lr86
201,rl81
201,wwc17
201,om60
201,mb25
201,hr24
201,aar30
201,ah88
201,lh74
201,kkg47
201,ar51
201,kks3
201,bbp94
201,fh91
201,am34
202,nnt65
203,ad26
204,lr86
204,rl81
204,wwc17
204,om60
204,mb25
204,hr24
204,aar30
204,ah88
204,lh74
204,kkg47
204,ar51
204,kks3
204,bbp94
204,fh91
204,am34
205,mmp58
205,ssp8
205,ssy2
205,nnt65
205,kkk50
205,jw32
205,mw48
205,nns72
205,cca7
205,ssb69
205,kkw41
205,lh74
205,eh71
205,ar51
206,ka36
207,bbb68
207,fe10
207,fb31
207,rrp77
207,cch44
207,sm64
207,tw80
207,mmp58
207,wwj11
207,cb89
207,kkw41
207,mb25
207,ew12
208,da73
209,mmp58
209,ssp8
209,ssy2
209,nnt65
209,kkk50
209,jw32
209,mw48
209,nns72
209,cca7
209,ssb69
209,kkw41
209,lh74
209,eh71
209,ar51
210,ccc87
210,eer76
210,se5
210,bbb68
210,ssp79
210,llh56
210,wwj11
210,kkk50
210,rl81
210,jjw18
210,om60
210,ad26
210,fb31
211,ddg16
212,fe10
213,mmg85
214,ew12
215,lr86
215,rl81
215,wwc17
215,om60
215,mb25
215,hr24
215,aar30
215,ah88
215,lh74
215,kkg47
215,ar51
215,kks3
215,bbp94
215,fh91
215,am34
216,llh56
217,ccc87
217,eer76
217,se5
217,bbb68
217,ssp79
217,llh56
217,wwj11
217,kkk50
217,rl81
217,jjw18
217,om60
217,ad26
217,fb31
218,mf19
218,rrp77
218,eer76
218,wwj11
218,gg21
218,sw22
219,lr86
219,rl81
219,wwc17
219,om60
219,mb25
219,hr24
219,aar30
219,ah88
219,lh74
219,kkg47
219,ar51
219,kks3
219,bbp94
219,fh91
219,am34
220,bbp94
221,mw82
221,ssg1
221,hm70
221,ddb67
221,ah88
221,gg21
221,jjt66
221,ssh63
221,rn92
222,fe10
223,jjt66
224,dc46
225,aar30
226,mw82
226,ssg1
226,hm70
226,ddb67
226,ah88
226,gg21
226,jjt66
226,ssh63
226,rn92
227,kkg47
228,gg21
229,rl81
230,ad26
231,aj54
232,nnt65
233,iit33
233,gg21
233,dc46
233,or27
233,jb78
234,rl81
235,lh74
236,mmp58
237,rm55
238,ssp8
239,jjt66
240,llh56
241,bg84
242,aah13
243,zzd96
244,mmp58
245,cca7
246,kkg47
247,cb89
248,ds49
249,aah13
250,jw32
251,bbb68
251,fe10
251,fb31
251,rrp77
251,cch44
251,sm64
251,tw80
251,mmp58
251,wwj11
251,cb89
251,kkw41
251,mb25
251,ew12
252,rrp77
253,jjj39
254,lr86
255,lr86
256,bbb68
257,bbp94
258,iim35
259,hhr57
260,cc52
261,lh74
262,da98
263,zzd96
264,tw80
265,bbs99
266,hr24
267,cc52
268,ssb69
269,ccc87
269,eer76
269,se5
269,bbb68
269,ssp79
269,llh56
269,wwj11
269,kkk50
269,rl81
269,jjw18
269,om60
269,ad26
269,fb31
270,kc75
270,tp97
270,rl81
270,eh71
270,kkw41
270,se5
270,ah88
270,lh74
270,ccs23
271,ccc87
271,eer76
271,se5
271,bbb68
271,ssp79
271,llh56
271,wwj11
271,kkk50
271,rl81
271,jjw18
271,om60
271,ad26
271,fb31
272,iit33
273,mmc90
274,ka36
275,bbb68
276,mw48
277,aar37
278,nns72
279,hhr57
280,gg21
281,ssh63
282,kkk50
282,jw32
282,fb31
282,zzd96
283,mf19
283,rrp77
283,eer76
283,wwj11
283,gg21
283,sw22
284,mmp58
284,ssp8
284,ssy2
284,nnt65
284,kkk50
284,jw32
284,mw48
284,nns72
284,cca7
284,ssb69
284,kkw41
284,lh74
284,eh71
284,ar51
285,kkk50
286,tw80
287,zzd96
288,iit33
288,gg21
288,dc46
288,or27
288,jb78
289,da98
290,ccc87
290,eer76
290,se5
290,bbb68
290,ssp79
290,llh56
290,wwj11
290,kkk50
290,rl81
290,jjw18
290,om60
290,ad26
290,fb31
291,zc29
292,kks3
293,cb89
294,aar37
295,mf19
295,rrp77
295,eer76
295,wwj11
295,gg21
295,sw22
296,hm70
297,nns72
298,jjt66
299,lr86
299,rl81
299,wwc17
299,om60
299,mb25
299,hr24
299,aar30
299,ah88
299,lh74
299,kkg47
299,ar51
299,kks3
299,bbp94
299,fh91
299,am34
300,fe10
