msgID,userID
1,ssm49
1,as54
1,sy86
1,bbb52
1,llb39
1,gp32
1,ssa61
2,llt92
3,cw10
4,gp32
5,gj4
5,mh25
5,ddr56
5,ssr36
5,kw65
5,mmh0
5,ap63
5,dh9
5,ssa61
5,bbh26
5,db40
5,cl75
5,gp32
5,ls67
6,cj35
6,cl75
6,aa41
6,ggj91
6,ttd66
6,ssa61
6,kh48
6,ccl46
6,hp20
6,kkj73
6,sw80
7,st85
7,mk13
7,ec99
7,if2
7,vw29
8,bbh26
9,sb15
10,cj35
10,if2
10,ttd66
10,ca57
10,wwb11
11,mb21
12,ssr95
12,hp20
12,kks24
12,bbb52
12,cj35
12,eg60
12,llt92
12,jk88
13,dc22
14,cw10
15,ssm49
15,as54
15,sy86
15,bbb52
15,llb39
15,gp32
15,ssa61
16,eeh44
17,eg60
18,ssr95
18,hp20
18,kks24
18,bbb52
18,cj35
18,eg60
18,llt92
18,jk88
19,kkj73
19,ssr95
19,lle55
19,ms70
19,dl84
19,ppf34
19,kh48
19,iit8
19,ssa61
19,am14
19,cc33
20,ol89
21,ls67
22,ccc12
23,gj4
23,mh25
23,ddr56
23,ssr36
23,kw65
23,mmh0
23,ap63
23,dh9
23,ssa61
23,bbh26
23,db40
23,cl75
23,gp32
23,ls67
24,ccc12
25,kkg64
26,mmm47
26,db40
26,ca57
26,hr17
26,lb45
26,eed90
26,rrr81
26,cw10
26,bbr50
26,ccc12
26,sw80
26,rs96
27,kkj73
27,ssr95
27,lle55
27,ms70
27,dl84
27,ppf34
27,kh48
27,iit8
27,ssa61
27,am14
27,cc33
28,kkj73
28,ssr95
28,lle55
28,ms70
28,dl84
28,ppf34
28,kh48
28,iit8
28,ssa61
28,am14
28,cc33
29,bbh26
30,ca57
30,eeh44
30,st85
30,ccl46
31,ca57
32,if2
33,ssa87
34,bbb52
35,aap78
36,ls67
37,gj4
37,mh25
37,ddr56
37,ssr36
37,kw65
37,mmh0
37,ap63
37,dh9
37,ssa61
37,bbh26
37,db40
37,cl75
37,gp32
37,ls67
38,gj4
38,mh25
38,ddr56
38,ssr36
38,kw65
38,mmh0
38,ap63
38,dh9
38,ssa61
38,bbh26
38,db40
38,cl75
38,gp32
38,ls67
39,cl75
40,mc59
41,am14
42,ccc12
43,ssa61
44,ggc98
45,dh9
46,am14
47,cj35
47,if2
47,ttd66
47,ca57
47,wwb11
48,ggp42
49,ssa61
50,kkj73
50,ssr95
50,lle55
50,ms70
50,dl84
50,ppf34
50,kh48
50,iit8
50,ssa61
50,am14
50,cc33
51,gj4
51,mh25
51,ddr56
51,ssr36
51,kw65
51,mmh0
51,ap63
51,dh9
51,ssa61
51,bbh26
51,db40
51,cl75
51,gp32
51,ls67
52,ssa87
53,ssr95
54,ggp42
55,kn27
56,kkj73
56,ssr95
56,lle55
56,ms70
56,dl84
56,ppf34
56,kh48
56,iit8
56,ssa61
56,am14
56,cc33
57,ca57
58,ssm49
58,as54
58,sy86
58,bbb52
58,llb39
58,gp32
58,ssa61
59,am14
60,as54
61,dl84
61,ddr56
61,kh48
61,ggp42
61,ol89
61,ssr36
61,gw68
61,hr17
61,rs96
61,ssa87
62,rc53
63,db40
64,db40
65,mmm47
66,st85
66,mk13
66,ec99
66,if2
66,vw29
67,bbb52
68,rrp18
69,ssr36
70,nnm69
71,vw29
72,ke51
73,dc22
74,dl84
74,ddr56
74,kh48
74,ggp42
74,ol89
74,ssr36
74,gw68
74,hr17
74,rs96
74,ssa87
75,bbr50
76,mmm47
76,db40
76,ca57
76,hr17
76,lb45
76,eed90
76,rrr81
76,cw10
76,bbr50
76,ccc12
76,sw80
76,rs96
77,br97
78,hr17
79,ssm49
79,as54
79,sy86
79,bbb52
79,llb39
79,gp32
79,ssa61
80,ccl46
81,mmm47
81,db40
81,ca57
81,hr17
81,lb45
81,eed90
81,rrr81
81,cw10
81,bbr50
81,ccc12
81,sw80
81,rs96
82,mh25
83,tg58
84,kh48
85,wwb11
86,bbh26
87,bbw62
88,ssa87
89,rrs77
90,rrs77
91,ccc12
92,ccl46
93,sm7
94,mh25
95,kkj73
95,ssr95
95,lle55
95,ms70
95,dl84
95,ppf34
95,kh48
95,iit8
95,ssa61
95,am14
95,cc33
96,ssh37
97,ap63
98,eec3
99,lb45
100,eec3
101,ob23
102,tg58
103,oow28
104,ap63
105,mmm47
106,bbr50
107,jk88
108,cj35
108,cl75
108,aa41
108,ggj91
108,ttd66
108,ssa61
108,kh48
108,ccl46
108,hp20
108,kkj73
108,sw80
109,cj35
109,if2
109,ttd66
109,ca57
109,wwb11
110,sy86
111,ppf34
112,gj4
112,mh25
112,ddr56
112,ssr36
112,kw65
112,mmh0
112,ap63
112,dh9
112,ssa61
112,bbh26
112,db40
112,cl75
112,gp32
112,ls67
113,kw65
114,kh48
115,yw82
116,llb39
117,ssr95
117,hp20
117,kks24
117,bbb52
117,cj35
117,eg60
117,llt92
117,jk88
118,cw10
119,db40
120,ol89
121,ssm6
122,mh25
123,ssm6
124,kks24
125,dl84
125,ddr56
125,kh48
125,ggp42
125,ol89
125,ssr36
125,gw68
125,hr17
125,rs96
125,ssa87
126,bbb52
127,kkj73
127,ssr95
127,lle55
127,ms70
127,dl84
127,ppf34
127,kh48
127,iit8
127,ssa61
127,am14
127,cc33
128,gw68
129,ssm6
130,ttd66
131,ca57
131,eeh44
131,st85
131,ccl46
132,ssm49
132,as54
132,sy86
132,bbb52
132,llb39
132,gp32
132,ssa61
133,mmh0
134,kw65
135,hr17
136,ggp42
137,am14
138,cj35
138,if2
138,ttd66
138,ca57
138,wwb11
139,ca57
139,eeh44
139,st85
139,ccl46
140,mb21
141,kw65
142,cj35
143,ssa87
144,ccl46
145,yw82
146,ob23
147,ggc98
148,ssr95
149,ggp42
150,kkb94
151,mmm47
151,db40
151,ca57
151,hr17
151,lb45
151,eed90
151,rrr81
151,cw10
151,bbr50
151,ccc12
151,sw80
151,rs96
152,jk88
153,rrs77
154,br97
155,dc22
156,ca57
156,eeh44
156,st85
156,ccl46
157,ls67
158,rrs77
159,dt30
160,cl75
161,ttd66
162,br97
163,rc53
164,gp32
165,ccp31
166,mmm47
166,db40
166,ca57
166,hr17
166,lb45
166,eed90
166,rrr81
166,cw10
166,bbr50
166,ccc12
166,sw80
166,rs96
167,gw68
168,dh9
169,cj35
169,cl75
169,aa41
169,ggj91
169,ttd66
169,ssa61
169,kh48
169,ccl46
169,hp20
169,kkj73
169,sw80
170,aap78
171,llm93
172,lle55
173,ssm49
174,tp16
175,kkj73
175,ssr95
175,lle55
175,ms70
175,dl84
175,ppf34
175,kh48
175,iit8
175,ssa61
175,am14
175,cc33
176,sw80
177,ssm49
177,as54
177,sy86
177,bbb52
177,llb39
177,gp32
177,ssa61
178,dt30
179,st85
180,ppr5
181,kkb94
182,dl84
182,ddr56
182,kh48
182,ggp42
182,ol89
182,ssr36
182,gw68
182,hr17
182,rs96
182,ssa87
183,bbw62
184,ca57
185,cj35
185,if2
185,ttd66
185,ca57
185,wwb11
186,ms70
187,st85
187,mk13
187,ec99
187,if2
187,vw29
188,sw80
189,ssa61
190,mmm47
190,db40
190,ca57
190,hr17
190,lb45
190,eed90
190,rrr81
190,cw10
190,bbr50
190,ccc12
190,sw80
190,rs96
191,br97
192,ec99
193,ob23
194,ssm49
194,as54
194,sy86
194,bbb52
194,llb39
194,gp32
194,ssa61
195,ap63
196,cj35
196,if2
196,ttd66
196,ca57
196,wwb11
197,cw10
198,dt72
199,ca57
200,ddr56
201,lle55
202,rc53
203,gj4
204,sm7
205,mmm47
205,db40
205,ca57
205,hr17
205,lb45
205,eed90
205,rrr81
205,cw10
205,bbr50
205,ccc12
205,sw80
205,rs96
206,mmm47
206,db40
206,ca57
206,hr17
206,lb45
206,eed90
206,rrr81
206,cw10
206,bbr50
206,ccc12
206,sw80
206,rs96
207,am14
208,cj35
208,if2
208,ttd66
208,ca57
208,wwb11
209,gj4
209,mh25
209,ddr56
209,ssr36
209,kw65
209,mmh0
209,ap63
209,dh9
209,ssa61
209,bbh26
209,db40
209,cl75
209,gp32
209,ls67
210,dl84
210,ddr56
210,kh48
210,ggp42
210,ol89
210,ssr36
210,gw68
210,hr17
210,rs96
210,ssa87
211,bbr50
212,st85
212,mk13
212,ec99
212,if2
212,vw29
213,jk88
214,ke51
215,tp16
216,bbb52
217,vw29
218,nnm69
219,mc59
220,br97
221,dl84
221,ddr56
221,kh48
221,ggp42
221,ol89
221,ssr36
221,gw68
221,hr17
221,rs96
221,ssa87
222,dr38
223,pm71
224,kks24
225,dr38
226,cw10
227,ssm49
228,ggp42
229,kkg64
230,sb15
231,st85
231,mk13
231,ec99
231,if2
231,vw29
232,kkj73
232,ssr95
232,lle55
232,ms70
232,dl84
232,ppf34
232,kh48
232,iit8
232,ssa61
232,am14
232,cc33
233,yw82
234,cj35
234,if2
234,ttd66
234,ca57
234,wwb11
235,cj35
235,cl75
235,aa41
235,ggj91
235,ttd66
235,ssa61
235,kh48
235,ccl46
235,hp20
235,kkj73
235,sw80
236,ssm49
236,as54
236,sy86
236,bbb52
236,llb39
236,gp32
236,ssa61
237,kw65
238,ppf34
239,ccc12
240,rc53
241,kkj73
242,ssr95
242,hp20
242,kks24
242,bbb52
242,cj35
242,eg60
242,llt92
242,jk88
243,ag83
244,nnm69
245,cj35
245,cl75
245,aa41
245,ggj91
245,ttd66
245,ssa61
245,kh48
245,ccl46
245,hp20
245,kkj73
245,sw80
246,kh48
247,ggp42
248,ca57
248,eeh44
248,st85
248,ccl46
249,kkj73
249,ssr95
249,lle55
249,ms70
249,dl84
249,ppf34
249,kh48
249,iit8
249,ssa61
249,am14
249,cc33
250,nnm69
251,ca57
251,eeh44
251,st85
251,ccl46
252,ke51
253,tg58
254,st85
254,mk13
254,ec99
254,if2
254,vw29
255,cj35
255,if2
255,ttd66
255,ca57
255,wwb11
256,cj35
257,gj4
257,mh25
257,ddr56
257,ssr36
257,kw65
257,mmh0
257,ap63
257,dh9
257,ssa61
257,bbh26
257,db40
257,cl75
257,gp32
257,ls67
258,ssm49
258,as54
258,sy86
258,bbb52
258,llb39
258,gp32
258,ssa61
259,ccc12
260,st85
260,mk13
260,ec99
260,if2
260,vw29
261,lb45
262,ddr56
263,kn27
264,kkb94
265,ls67
266,kkj73
266,ssr95
266,lle55
266,ms70
266,dl84
266,ppf34
266,kh48
266,iit8
266,ssa61
266,am14
266,cc33
267,sb15
268,cj35
268,cl75
268,aa41
268,ggj91
268,ttd66
268,ssa61
268,kh48
268,ccl46
268,hp20
268,kkj73
268,sw80
269,gj4
269,mh25
269,ddr56
269,ssr36
269,kw65
269,mmh0
269,ap63
269,dh9
269,ssa61
269,bbh26
269,db40
269,cl75
269,gp32
269,ls67
270,ccl46
271,aa41
272,ssm49
272,as54
272,sy86
272,bbb52
272,llb39
272,gp32
272,ssa61
273,dl84
273,ddr56
273,kh48
273,ggp42
273,ol89
273,ssr36
273,gw68
273,hr17
273,rs96
273,ssa87
274,st85
274,mk13
274,ec99
274,if2
274,vw29
275,mmm47
275,db40
275,ca57
275,hr17
275,lb45
275,eed90
275,rrr81
275,cw10
275,bbr50
275,ccc12
275,sw80
275,rs96
276,st85
276,mk13
276,ec99
276,if2
276,vw29
277,kkj73
277,ssr95
277,lle55
277,ms70
277,dl84
277,ppf34
277,kh48
277,iit8
277,ssa61
277,am14
277,cc33
278,mh25
279,eed90
280,ssr95
280,hp20
280,kks24
280,bbb52
280,cj35
280,eg60
280,llt92
280,jk88
281,mmm47
281,db40
281,ca57
281,hr17
281,lb45
281,eed90
281,rrr81
281,cw10
281,bbr50
281,ccc12
281,sw80
281,rs96
282,rc53
283,mc59
284,ssr95
284,hp20
284,kks24
284,bbb52
284,cj35
284,eg60
284,llt92
284,jk88
285,sy86
286,ggj91
287,dl84
287,ddr56
287,kh48
287,ggp42
287,ol89
287,ssr36
287,gw68
287,hr17
287,rs96
287,ssa87
288,ssr95
288,hp20
288,kks24
288,bbb52
288,cj35
288,eg60
288,llt92
288,jk88
289,dl84
290,tp16
291,mb21
292,kn27
293,sw80
294,sb15
295,cw10
296,wwb11
297,if2
298,gw68
299,gj4
300,kks24
