1,ppn14
2,cc46
3,ls28
4,ssl50
5,km98
6,ccj29
7,kt75
7,ka42
7,ad37
7,ww93
7,br27
7,kc35
7,aah59
7,na60
7,ge2
7,iib78
7,tp70
7,ggc22
7,lg43
7,bbf79
7,at39
8,aah59
8,om38
8,sh62
8,aab61
8,ddh18
8,ccl84
8,ssw88
8,ep65
8,tp70
9,al82
10,ab64
11,ge2
12,ttr10
13,ad37
14,aas73
15,og33
16,ssl50
16,sr90
16,rrm0
16,aaa96
16,gj57
16,tp70
16,iib78
16,gg81
16,ge2
16,rg54
16,bbf79
16,bbp23
17,cch71
18,kw66
18,dr52
18,ch3
18,ccl84
18,rrm0
19,mw49
20,tp70
21,bh13
22,sd36
23,vvb20
24,ffl63
24,bh13
24,iib78
24,ww93
24,mt15
24,jw12
24,aah59
24,eet85
24,ddt17
24,mm31
25,dh94
25,ep65
25,ddk87
25,ffl63
26,ww93
26,ttb25
26,ls28
26,ttw76
26,km98
26,ttr10
26,at39
26,rrm0
26,eet85
26,sp16
26,mt15
26,rg54
26,na60
26,dm30
27,ad37
28,sd36
29,sc97
30,ttr10
31,kw66
32,ccj29
33,aah59
34,ka42
35,lm11
36,kt75
36,ka42
36,ad37
36,ww93
36,br27
36,kc35
36,aah59
36,na60
36,ge2
36,iib78
36,tp70
36,ggc22
36,lg43
36,bbf79
36,at39
37,dg47
38,na60
39,kt75
39,ka42
39,ad37
39,ww93
39,br27
39,kc35
39,aah59
39,na60
39,ge2
39,iib78
39,tp70
39,ggc22
39,lg43
39,bbf79
39,at39
40,mt15
41,cg69
42,ls5
43,ah67
44,rrw99
45,sp16
46,aap53
47,eet85
48,ggr40
48,cch71
48,hc41
48,at39
48,ab64
48,bbc45
48,bbw48
48,dg47
48,gg81
48,sd36
48,br27
49,ww93
50,dh94
51,km98
52,ls5
52,br27
52,sp16
52,ob80
52,ddr74
52,bbp23
52,lm11
52,mw49
52,kc35
52,gg81
52,kw66
52,mt15
52,ep65
52,is26
52,jjy77
53,og33
54,ob80
55,ggr40
55,cch71
55,hc41
55,at39
55,ab64
55,bbc45
55,bbw48
55,dg47
55,gg81
55,sd36
55,br27
56,bbw48
57,aah59
57,om38
57,sh62
57,aab61
57,ddh18
57,ccl84
57,ssw88
57,ep65
57,tp70
58,hhb55
59,ls5
59,br27
59,sp16
59,ob80
59,ddr74
59,bbp23
59,lm11
59,mw49
59,kc35
59,gg81
59,kw66
59,mt15
59,ep65
59,is26
59,jjy77
60,cch71
61,ob80
62,ch3
63,ww93
63,ttb25
63,ls28
63,ttw76
63,km98
63,ttr10
63,at39
63,rrm0
63,eet85
63,sp16
63,mt15
63,rg54
63,na60
63,dm30
64,gj57
65,gj57
66,bbf79
67,eem19
68,dh94
68,ep65
68,ddk87
68,ffl63
69,yyk51
70,ah67
71,jw12
72,rg54
73,eem19
74,dr52
75,al82
76,mm31
77,hc68
78,ccj29
79,dh94
79,og33
79,at39
79,bbp23
79,eem19
79,sd36
79,ww93
79,ssw88
79,ddt17
79,mt15
79,mm31
79,aj4
79,wwm89
79,dm30
79,bbf79
80,aap53
81,ddt17
82,dh94
82,og33
82,at39
82,bbp23
82,eem19
82,sd36
82,ww93
82,ssw88
82,ddt17
82,mt15
82,mm31
82,aj4
82,wwm89
82,dm30
82,bbf79
83,iib78
84,bbw48
85,ccj29
86,km98
87,br27
88,ffl63
88,bh13
88,iib78
88,ww93
88,mt15
88,jw12
88,aah59
88,eet85
88,ddt17
88,mm31
89,ggr40
89,cch71
89,hc41
89,at39
89,ab64
89,bbc45
89,bbw48
89,dg47
89,gg81
89,sd36
89,br27
90,bbc45
91,aah59
91,om38
91,sh62
91,aab61
91,ddh18
91,ccl84
91,ssw88
91,ep65
91,tp70
92,er34
93,ccl84
94,ttr10
95,ge2
96,bbw48
97,aap53
98,ddr74
99,dh94
99,ep65
99,ddk87
99,ffl63
100,cg69
101,jjy77
102,ls5
102,br27
102,sp16
102,ob80
102,ddr74
102,bbp23
102,lm11
102,mw49
102,kc35
102,gg81
102,kw66
102,mt15
102,ep65
102,is26
102,jjy77
103,ssl50
104,ggb6
105,ssc91
106,lm11
107,ffl63
107,bh13
107,iib78
107,ww93
107,mt15
107,jw12
107,aah59
107,eet85
107,ddt17
107,mm31
108,ls5
109,sh62
110,al82
111,ab64
112,ggc22
113,yyk51
114,sj72
115,hj83
116,ww93
116,ttb25
116,ls28
116,ttw76
116,km98
116,ttr10
116,at39
116,rrm0
116,eet85
116,sp16
116,mt15
116,rg54
116,na60
116,dm30
117,ggr40
117,cch71
117,hc41
117,at39
117,ab64
117,bbc45
117,bbw48
117,dg47
117,gg81
117,sd36
117,br27
118,jjy77
119,bbw48
120,ggb6
121,kc35
122,ah67
123,yyk51
124,rr32
125,na60
126,ob80
127,jjy77
128,cg69
129,kw66
129,dr52
129,ch3
129,ccl84
129,rrm0
130,ccj29
131,mt15
132,sp16
133,ggr40
133,cch71
133,hc41
133,at39
133,ab64
133,bbc45
133,bbw48
133,dg47
133,gg81
133,sd36
133,br27
134,is26
135,cc46
136,sr90
137,ggr40
137,cch71
137,hc41
137,at39
137,ab64
137,bbc45
137,bbw48
137,dg47
137,gg81
137,sd36
137,br27
138,ccr8
139,ccl84
140,eee7
141,km98
142,kc35
143,ka42
144,sh62
145,aj4
146,na60
147,ls5
148,aaa96
149,ttb25
150,aah59
151,br27
152,ls28
153,aap53
154,aas73
155,bbf79
156,dh94
156,og33
156,at39
156,bbp23
156,eem19
156,sd36
156,ww93
156,ssw88
156,ddt17
156,mt15
156,mm31
156,aj4
156,wwm89
156,dm30
156,bbf79
157,ww93
157,ttb25
157,ls28
157,ttw76
157,km98
157,ttr10
157,at39
157,rrm0
157,eet85
157,sp16
157,mt15
157,rg54
157,na60
157,dm30
158,ddh18
159,aap53
160,ppn14
161,kw66
161,dr52
161,ch3
161,ccl84
161,rrm0
162,cch71
163,kw66
164,ccj29
165,ggr40
165,cch71
165,hc41
165,at39
165,ab64
165,bbc45
165,bbw48
165,dg47
165,gg81
165,sd36
165,br27
166,kt75
166,ka42
166,ad37
166,ww93
166,br27
166,kc35
166,aah59
166,na60
166,ge2
166,iib78
166,tp70
166,ggc22
166,lg43
166,bbf79
166,at39
167,aah59
167,om38
167,sh62
167,aab61
167,ddh18
167,ccl84
167,ssw88
167,ep65
167,tp70
168,ppn14
169,km98
170,wwm89
171,kkm24
172,ls5
172,br27
172,sp16
172,ob80
172,ddr74
172,bbp23
172,lm11
172,mw49
172,kc35
172,gg81
172,kw66
172,mt15
172,ep65
172,is26
172,jjy77
173,er34
174,rrm0
175,aah59
175,om38
175,sh62
175,aab61
175,ddh18
175,ccl84
175,ssw88
175,ep65
175,tp70
176,iib78
177,cg69
178,ccp44
179,rrw99
180,ttp1
181,ttw76
182,ah67
183,vr21
184,aah59
184,om38
184,sh62
184,aab61
184,ddh18
184,ccl84
184,ssw88
184,ep65
184,tp70
185,bbc45
186,na60
187,ffl63
187,bh13
187,iib78
187,ww93
187,mt15
187,jw12
187,aah59
187,eet85
187,ddt17
187,mm31
188,lg43
189,tp70
190,rrm0
191,tp56
192,yyk51
193,aah59
193,om38
193,sh62
193,aab61
193,ddh18
193,ccl84
193,ssw88
193,ep65
193,tp70
194,cg69
195,ge2
196,dr52
197,ggr40
197,cch71
197,hc41
197,at39
197,ab64
197,bbc45
197,bbw48
197,dg47
197,gg81
197,sd36
197,br27
198,sr90
199,dh94
199,ep65
199,ddk87
199,ffl63
200,vr21
201,sr90
202,hhb55
203,gj57
204,ls5
204,br27
204,sp16
204,ob80
204,ddr74
204,bbp23
204,lm11
204,mw49
204,kc35
204,gg81
204,kw66
204,mt15
204,ep65
204,is26
204,jjy77
205,at39
206,gg81
207,ww93
207,ttb25
207,ls28
207,ttw76
207,km98
207,ttr10
207,at39
207,rrm0
207,eet85
207,sp16
207,mt15
207,rg54
207,na60
207,dm30
208,ssc91
209,gj57
210,eet85
211,ggr40
212,ggr40
213,ffl63
213,bh13
213,iib78
213,ww93
213,mt15
213,jw12
213,aah59
213,eet85
213,ddt17
213,mm31
214,ffl63
214,bh13
214,iib78
214,ww93
214,mt15
214,jw12
214,aah59
214,eet85
214,ddt17
214,mm31
215,sj72
216,ssw88
217,ddh18
218,ch3
219,mm31
220,vr21
221,aah59
222,br27
223,ls5
223,br27
223,sp16
223,ob80
223,ddr74
223,bbp23
223,lm11
223,mw49
223,kc35
223,gg81
223,kw66
223,mt15
223,ep65
223,is26
223,jjy77
224,aah59
224,om38
224,sh62
224,aab61
224,ddh18
224,ccl84
224,ssw88
224,ep65
224,tp70
225,tp56
226,jjy77
227,ttp1
228,cch71
229,ggr40
229,cch71
229,hc41
229,at39
229,ab64
229,bbc45
229,bbw48
229,dg47
229,gg81
229,sd36
229,br27
230,dh94
230,ep65
230,ddk87
230,ffl63
231,kt75
231,ka42
231,ad37
231,ww93
231,br27
231,kc35
231,aah59
231,na60
231,ge2
231,iib78
231,tp70
231,ggc22
231,lg43
231,bbf79
231,at39
232,bbf79
233,bh13
234,aah59
235,kt75
236,mm31
237,dg47
238,ffl63
238,bh13
238,iib78
238,ww93
238,mt15
238,jw12
238,aah59
238,eet85
238,ddt17
238,mm31
239,ggr40
239,cch71
239,hc41
239,at39
239,ab64
239,bbc45
239,bbw48
239,dg47
239,gg81
239,sd36
239,br27
240,aab61
241,ffl63
242,br27
243,ls5
243,br27
243,sp16
243,ob80
243,ddr74
243,bbp23
243,lm11
243,mw49
243,kc35
243,gg81
243,kw66
243,mt15
243,ep65
243,is26
243,jjy77
244,jjy77
245,ddh18
246,kt75
246,ka42
246,ad37
246,ww93
246,br27
246,kc35
246,aah59
246,na60
246,ge2
246,iib78
246,tp70
246,ggc22
246,lg43
246,bbf79
246,at39
247,sj72
248,kw66
248,dr52
248,ch3
248,ccl84
248,rrm0
249,ge2
250,vvb20
251,ls5
251,br27
251,sp16
251,ob80
251,ddr74
251,bbp23
251,lm11
251,mw49
251,kc35
251,gg81
251,kw66
251,mt15
251,ep65
251,is26
251,jjy77
252,kw66
252,dr52
252,ch3
252,ccl84
252,rrm0
253,ww93
253,ttb25
253,ls28
253,ttw76
253,km98
253,ttr10
253,at39
253,rrm0
253,eet85
253,sp16
253,mt15
253,rg54
253,na60
253,dm30
254,ww93
255,aah59
255,om38
255,sh62
255,aab61
255,ddh18
255,ccl84
255,ssw88
255,ep65
255,tp70
256,ssw58
257,ls5
257,br27
257,sp16
257,ob80
257,ddr74
257,bbp23
257,lm11
257,mw49
257,kc35
257,gg81
257,kw66
257,mt15
257,ep65
257,is26
257,jjy77
258,rg54
259,ch3
260,ggr40
260,cch71
260,hc41
260,at39
260,ab64
260,bbc45
260,bbw48
260,dg47
260,gg81
260,sd36
260,br27
261,aah59
261,om38
261,sh62
261,aab61
261,ddh18
261,ccl84
261,ssw88
261,ep65
261,tp70
262,ah67
263,ww93
263,ttb25
263,ls28
263,ttw76
263,km98
263,ttr10
263,at39
263,rrm0
263,eet85
263,sp16
263,mt15
263,rg54
263,na60
263,dm30
264,kt75
264,ka42
264,ad37
264,ww93
264,br27
264,kc35
264,aah59
264,na60
264,ge2
264,iib78
264,tp70
264,ggc22
264,lg43
264,bbf79
264,at39
265,ssl50
265,sr90
265,rrm0
265,aaa96
265,gj57
265,tp70
265,iib78
265,gg81
265,ge2
265,rg54
265,bbf79
265,bbp23
266,dh94
266,og33
266,at39
266,bbp23
266,eem19
266,sd36
266,ww93
266,ssw88
266,ddt17
266,mt15
266,mm31
266,aj4
266,wwm89
266,dm30
266,bbf79
267,dg47
268,ka42
269,hc68
270,sc97
271,kw66
272,hc68
273,wwm89
274,sc97
275,aap53
276,ggr40
277,bbp23
278,ssl50
279,ssw88
280,rrs92
281,dm30
282,ab64
283,br27
284,ttb25
285,ss86
286,ccr8
287,kt75
287,ka42
287,ad37
287,ww93
287,br27
287,kc35
287,aah59
287,na60
287,ge2
287,iib78
287,tp70
287,ggc22
287,lg43
287,bbf79
287,at39
288,dh94
288,og33
288,at39
288,bbp23
288,eem19
288,sd36
288,ww93
288,ssw88
288,ddt17
288,mt15
288,mm31
288,aj4
288,wwm89
288,dm30
288,bbf79
289,rg54
290,cc46
291,km98
292,aah59
293,cg69
294,wwm89
295,dh94
295,ep65
295,ddk87
295,ffl63
296,ggr40
296,cch71
296,hc41
296,at39
296,ab64
296,bbc45
296,bbw48
296,dg47
296,gg81
296,sd36
296,br27
297,aab61
298,rra95
299,ggr40
300,bh13
