1,ssr49
2,dm47
3,rrw7
3,gr46
3,mh41
3,nnc37
3,ccs57
3,rrr79
3,aag15
3,ew16
4,ssw36
5,bs6
6,ig68
7,ccg2
7,aag15
7,ow10
7,ddr25
7,lw66
7,kf4
7,kkr85
7,kkl74
7,sd34
7,ssw0
8,hhw92
9,lw66
10,hhh31
10,ab43
10,ffg42
10,ddr25
10,mmp23
10,ip73
10,cc14
10,tm38
10,ssw0
10,pw96
10,et51
11,ttt30
12,rrr79
13,hhh31
13,ab43
13,ffg42
13,ddr25
13,mmp23
13,ip73
13,cc14
13,tm38
13,ssw0
13,pw96
13,et51
14,st13
15,gt67
16,hhh31
16,ab43
16,ffg42
16,ddr25
16,mmp23
16,ip73
16,cc14
16,tm38
16,ssw0
16,pw96
16,et51
17,ttj20
18,llp8
18,kkl74
18,ssw36
18,gt67
18,vvk65
18,kkm52
18,lf80
18,hhw92
18,ffg42
18,jm69
18,cca84
18,dc32
19,ccg2
19,aag15
19,ow10
19,ddr25
19,lw66
19,kf4
19,kkr85
19,kkl74
19,sd34
19,ssw0
20,ccg2
20,aag15
20,ow10
20,ddr25
20,lw66
20,kf4
20,kkr85
20,kkl74
20,sd34
20,ssw0
21,ddr25
22,llp8
23,kke26
24,fj44
25,kkl74
26,ccs12
27,mh41
28,ggh18
29,da94
30,ccg2
30,aag15
30,ow10
30,ddr25
30,lw66
30,kf4
30,kkr85
30,kkl74
30,sd34
30,ssw0
31,ap50
32,ccg2
32,aag15
32,ow10
32,ddr25
32,lw66
32,kf4
32,kkr85
32,kkl74
32,sd34
32,ssw0
33,nnc37
34,hhh31
34,ab43
34,ffg42
34,ddr25
34,mmp23
34,ip73
34,cc14
34,tm38
34,ssw0
34,pw96
34,et51
35,bs6
36,aag15
37,hhg60
38,ccg2
38,aag15
38,ow10
38,ddr25
38,lw66
38,kf4
38,kkr85
38,kkl74
38,sd34
38,ssw0
39,lf80
40,kkm52
41,dm47
42,ddm89
43,hhg60
44,llp8
45,ac77
46,em19
47,kke26
48,ssh61
48,kkm52
48,rb70
48,jjk72
48,lf80
49,bs6
49,et51
49,rr24
49,fj44
49,aab3
50,ggh86
51,llp8
51,kkl74
51,ssw36
51,gt67
51,vvk65
51,kkm52
51,lf80
51,hhw92
51,ffg42
51,jm69
51,cca84
51,dc32
52,rrr79
52,nb78
52,kc62
52,cn91
52,ttj20
52,ccm55
52,vvc82
52,aab3
53,ac77
54,gt67
55,lh29
56,ap76
57,sd34
58,om5
59,aap48
59,sss97
59,cca84
59,rrr79
59,lr75
60,wr93
61,om5
62,bs6
62,et51
62,rr24
62,fj44
62,aab3
63,lf80
63,lr75
63,mb1
63,ddr25
63,rrr79
63,kkm52
63,kf4
64,hhw92
65,lf80
65,lr75
65,mb1
65,ddr25
65,rrr79
65,kkm52
65,kf4
66,mb1
67,ow10
68,mml45
69,ggh18
70,rrw7
70,gr46
70,mh41
70,nnc37
70,ccs57
70,rrr79
70,aag15
70,ew16
71,ew16
72,cc14
73,ap50
74,is99
75,wr93
76,rrr79
76,nb78
76,kc62
76,cn91
76,ttj20
76,ccm55
76,vvc82
76,aab3
77,jjk72
78,bs6
79,rrw7
79,gr46
79,mh41
79,nnc37
79,ccs57
79,rrr79
79,aag15
79,ew16
80,hhw92
81,ffg42
82,mb1
83,ddc95
84,rrw7
85,sss97
86,nb78
87,aap48
87,sss97
87,cca84
87,rrr79
87,lr75
88,wr93
89,ap50
90,lf80
90,lr75
90,mb1
90,ddr25
90,rrr79
90,kkm52
90,kf4
91,mr88
92,vvc82
93,rrj71
94,ssh61
94,kkm52
94,rb70
94,jjk72
94,lf80
95,rrr79
95,nb78
95,kc62
95,cn91
95,ttj20
95,ccm55
95,vvc82
95,aab3
96,tp64
97,cca84
98,fj44
99,ab43
100,gr46
101,jm69
102,pb40
103,aap48
103,sss97
103,cca84
103,rrr79
103,lr75
104,fj44
105,aag15
106,tl53
107,aag15
108,ab43
109,sss97
110,ffg42
111,jjk72
112,is99
113,ddc95
114,mb1
115,rrr79
116,fj44
117,dc58
118,mb1
119,yg35
120,bs6
120,et51
120,rr24
120,fj44
120,aab3
121,sss97
122,ggh18
123,dc58
124,kc62
125,ccm55
126,fj44
127,ddm89
128,ccs57
129,mh41
130,lw66
131,nb78
132,ig68
133,tb9
134,rrj71
135,ccs12
136,cc14
137,llp8
137,kkl74
137,ssw36
137,gt67
137,vvk65
137,kkm52
137,lf80
137,hhw92
137,ffg42
137,jm69
137,cca84
137,dc32
138,rrw7
138,gr46
138,mh41
138,nnc37
138,ccs57
138,rrr79
138,aag15
138,ew16
139,rrj71
140,llp8
140,kkl74
140,ssw36
140,gt67
140,vvk65
140,kkm52
140,lf80
140,hhw92
140,ffg42
140,jm69
140,cca84
140,dc32
141,ssh61
142,llp8
142,kkl74
142,ssw36
142,gt67
142,vvk65
142,kkm52
142,lf80
142,hhw92
142,ffg42
142,jm69
142,cca84
142,dc32
143,nnc37
144,rrw7
144,gr46
144,mh41
144,nnc37
144,ccs57
144,rrr79
144,aag15
144,ew16
145,lw66
146,gj33
147,ccg2
148,ow10
149,ssh61
149,kkm52
149,rb70
149,jjk72
149,lf80
150,ccg2
151,aah54
152,hhh31
152,ab43
152,ffg42
152,ddr25
152,mmp23
152,ip73
152,cc14
152,tm38
152,ssw0
152,pw96
152,et51
153,tm38
154,yg35
155,gr46
156,ccs12
157,ddm89
158,gp83
159,lf80
159,lr75
159,mb1
159,ddr25
159,rrr79
159,kkm52
159,kf4
160,ssh61
161,ip73
162,ap50
163,ccg2
163,aag15
163,ow10
163,ddr25
163,lw66
163,kf4
163,kkr85
163,kkl74
163,sd34
163,ssw0
164,hhg60
165,hhw92
166,pw96
167,yg35
168,kkl74
169,aap48
169,sss97
169,cca84
169,rrr79
169,lr75
170,bs6
170,et51
170,rr24
170,fj44
170,aab3
171,da94
172,jjk72
173,ggh86
174,lf80
175,kkr85
176,dc58
177,cn91
178,hhh31
178,ab43
178,ffg42
178,ddr25
178,mmp23
178,ip73
178,cc14
178,tm38
178,ssw0
178,pw96
178,et51
179,hhw92
180,ccg2
180,aag15
180,ow10
180,ddr25
180,lw66
180,kf4
180,kkr85
180,kkl74
180,sd34
180,ssw0
181,llp8
181,kkl74
181,ssw36
181,gt67
181,vvk65
181,kkm52
181,lf80
181,hhw92
181,ffg42
181,jm69
181,cca84
181,dc32
182,ccw22
183,ip73
184,ms56
184,pw96
184,ab43
184,nb78
185,ssw0
186,ggh86
187,ccs12
188,lf80
188,lr75
188,mb1
188,ddr25
188,rrr79
188,kkm52
188,kf4
189,mml45
190,mml45
191,et51
192,ttt30
193,bs6
193,et51
193,rr24
193,fj44
193,aab3
194,rrw7
195,om5
196,lw66
197,rrw7
197,gr46
197,mh41
197,nnc37
197,ccs57
197,rrr79
197,aag15
197,ew16
198,mml45
199,jjh87
200,sss97
201,llp8
201,kkl74
201,ssw36
201,gt67
201,vvk65
201,kkm52
201,lf80
201,hhw92
201,ffg42
201,jm69
201,cca84
201,dc32
202,ow10
203,ap50
204,ffg42
205,fj44
206,bs6
206,et51
206,rr24
206,fj44
206,aab3
207,lf80
207,lr75
207,mb1
207,ddr25
207,rrr79
207,kkm52
207,kf4
208,cn91
209,bs6
209,et51
209,rr24
209,fj44
209,aab3
210,rrj71
211,ssh61
212,aap48
213,ig68
214,eee81
215,hhh31
215,ab43
215,ffg42
215,ddr25
215,mmp23
215,ip73
215,cc14
215,tm38
215,ssw0
215,pw96
215,et51
216,lw66
217,aap48
217,sss97
217,cca84
217,rrr79
217,lr75
218,cc14
219,bs6
220,dc58
221,hhh31
221,ab43
221,ffg42
221,ddr25
221,mmp23
221,ip73
221,cc14
221,tm38
221,ssw0
221,pw96
221,et51
222,aap48
223,rrr79
224,cca84
225,ccs12
226,zza28
227,st90
228,ccg2
228,aag15
228,ow10
228,ddr25
228,lw66
228,kf4
228,kkr85
228,kkl74
228,sd34
228,ssw0
229,gp83
230,lf80
230,lr75
230,mb1
230,ddr25
230,rrr79
230,kkm52
230,kf4
231,ccg2
231,aag15
231,ow10
231,ddr25
231,lw66
231,kf4
231,kkr85
231,kkl74
231,sd34
231,ssw0
232,mmy59
233,lf80
233,lr75
233,mb1
233,ddr25
233,rrr79
233,kkm52
233,kf4
234,mmy59
235,rrw7
235,gr46
235,mh41
235,nnc37
235,ccs57
235,rrr79
235,aag15
235,ew16
236,kkl74
237,kkl74
238,ac77
239,kkm52
240,ccg2
240,aag15
240,ow10
240,ddr25
240,lw66
240,kf4
240,kkr85
240,kkl74
240,sd34
240,ssw0
241,eee81
242,lf80
242,lr75
242,mb1
242,ddr25
242,rrr79
242,kkm52
242,kf4
243,lr75
244,mb1
245,ig68
246,llp8
246,kkl74
246,ssw36
246,gt67
246,vvk65
246,kkm52
246,lf80
246,hhw92
246,ffg42
246,jm69
246,cca84
246,dc32
247,bs6
247,et51
247,rr24
247,fj44
247,aab3
248,aag15
249,ms56
249,pw96
249,ab43
249,nb78
250,ffg42
251,ssw0
252,ssh61
252,kkm52
252,rb70
252,jjk72
252,lf80
253,ccg2
253,aag15
253,ow10
253,ddr25
253,lw66
253,kf4
253,kkr85
253,kkl74
253,sd34
253,ssw0
254,zza28
255,lf80
255,lr75
255,mb1
255,ddr25
255,rrr79
255,kkm52
255,kf4
256,kke26
257,rrw7
257,gr46
257,mh41
257,nnc37
257,ccs57
257,rrr79
257,aag15
257,ew16
258,ccm55
259,ap76
260,st90
261,mmp23
262,tb9
263,jjk72
264,wwa27
265,ccg2
265,aag15
265,ow10
265,ddr25
265,lw66
265,kf4
265,kkr85
265,kkl74
265,sd34
265,ssw0
266,kkl74
267,kkl74
268,lf80
269,nb78
270,ffg42
271,ccg2
271,aag15
271,ow10
271,ddr25
271,lw66
271,kf4
271,kkr85
271,kkl74
271,sd34
271,ssw0
272,et51
273,rrr79
273,nb78
273,kc62
273,cn91
273,ttj20
273,ccm55
273,vvc82
273,aab3
274,st90
275,tl53
276,mj17
277,sss97
278,rrw7
278,gr46
278,mh41
278,nnc37
278,ccs57
278,rrr79
278,aag15
278,ew16
279,is99
280,gj33
281,cca84
282,jjk72
283,st13
284,llp8
285,kc62
286,ew16
287,kc62
288,rrr79
288,nb78
288,kc62
288,cn91
288,ttj20
288,ccm55
288,vvc82
288,aab3
289,dm47
290,nnc37
291,jjk72
292,rrw7
292,gr46
292,mh41
292,nnc37
292,ccs57
292,rrr79
292,aag15
292,ew16
293,sss97
294,hhh31
294,ab43
294,ffg42
294,ddr25
294,mmp23
294,ip73
294,cc14
294,tm38
294,ssw0
294,pw96
294,et51
295,ig68
296,ssh61
296,kkm52
296,rb70
296,jjk72
296,lf80
297,ap50
298,rrw7
298,gr46
298,mh41
298,nnc37
298,ccs57
298,rrr79
298,aag15
298,ew16
299,pb40
300,tp64
